Mois;Type_Flux;Creances_Clients_Euros;Dettes_Fournisseurs_Euros;Delai_Paiement_Jours;Solde_Tresorerie_Euros;Taux_Interet_Pct;Transaction_ID;Categorie;Montant_Euros;Date_Trx;Solde_Apres_Trx_Euros
2025-01;Exploitation;125000.0;85000.0;45.0;40000.0;3,5;;;;;
2025-02;Exploitation;140000.0;90000.0;50.0;50000.0;3,5;;;;;
2025-03;Exploitation;110000.0;95000.0;60.0;15000.0;3,7;;;;;
2025-04;Investissement;95000.0;120000.0;65.0;-25000.0;4,0;;;;;
2025-05;Exploitation;130000.0;80000.0;40.0;50000.0;4,0;;;;;
2025-06;Exploitation;160000.0;85000.0;35.0;75000.0;3,8;;;;;
2025-07;Exploitation;175000.0;90000.0;38.0;85000.0;3,8;;;;;
2025-08;Exploitation;80000.0;70000.0;55.0;10000.0;3,9;;;;;
2025-09;Exploitation;150000.0;95000.0;42.0;55000.0;3,9;;;;;
2025-10;Exploitation;155000.0;100000.0;48.0;55000.0;4,1;;;;;
2025-11;Investissement;120000.0;140000.0;70.0;-20000.0;4,2;;;;;
2025-12;Exploitation;190000.0;110000.0;30.0;80000.0;4,2;;;;;
;Sortie;;;;;;TRX-013;Loyer;19546.0;2025-01-14;0.0
;Entrée;;;;;;TRX-014;Emprunts;9890.0;2025-01-15;344.0
;Sortie;;;;;;TRX-015;Équipement;6639.0;2025-01-16;0.0
;Entrée;;;;;;TRX-016;Emprunts;15126.0;2025-01-17;8831.0
;Entrée;;;;;;TRX-017;Emprunts;33756.0;2025-01-18;42587.0
;Sortie;;;;;;TRX-018;Marketing;22410.0;2025-01-19;20177.0
;Sortie;;;;;;TRX-019;Équipement;28542.0;2025-01-20;0.0
;Sortie;;;;;;TRX-020;Salaires;3045.0;2025-01-21;0.0
;Sortie;;;;;;TRX-021;Marketing;23496.0;2025-01-22;0.0
;Sortie;;;;;;TRX-022;Fournisseurs;7413.0;2025-01-23;0.0
;Entrée;;;;;;TRX-023;Ventes;32106.0;2025-01-24;0.0
;Sortie;;;;;;TRX-024;Fournisseurs;12571.0;2025-01-25;0.0
;Sortie;;;;;;TRX-025;Marketing;18037.0;2025-01-26;0.0
;Entrée;;;;;;TRX-026;Subventions;25284.0;2025-01-27;0.0
;Sortie;;;;;;TRX-027;Salaires;27763.0;2025-01-28;0.0
;Entrée;;;;;;TRX-028;Ventes;47102.0;2025-01-29;3802.0
;Sortie;;;;;;TRX-029;Salaires;16187.0;2025-01-30;0.0
;Entrée;;;;;;TRX-030;Subventions;28696.0;2025-01-31;16311.0
;Entrée;;;;;;TRX-031;Subventions;38921.0;2025-02-01;55232.0
;Entrée;;;;;;TRX-032;Ventes;27506.0;2025-02-02;82738.0
;Sortie;;;;;;TRX-033;Fournisseurs;15010.0;2025-02-03;67728.0
;Entrée;;;;;;TRX-034;Emprunts;35425.0;2025-02-04;103153.0
;Entrée;;;;;;TRX-035;Emprunts;19535.0;2025-02-05;122688.0
;Entrée;;;;;;TRX-036;Ventes;18731.0;2025-02-06;141419.0
;Sortie;;;;;;TRX-037;Salaires;3496.0;2025-02-07;137923.0
;Entrée;;;;;;TRX-038;Investissements;2156.0;2025-02-08;140079.0
;Sortie;;;;;;TRX-039;Loyer;9752.0;2025-02-09;130327.0
;Entrée;;;;;;TRX-040;Emprunts;42168.0;2025-02-10;172495.0
;Sortie;;;;;;TRX-041;Équipement;17971.0;2025-02-11;154524.0
;Sortie;;;;;;TRX-042;Fournisseurs;14091.0;2025-02-12;140433.0
;Sortie;;;;;;TRX-043;Fournisseurs;3467.0;2025-02-13;136966.0
;Entrée;;;;;;TRX-044;Subventions;19496.0;2025-02-14;156462.0
;Sortie;;;;;;TRX-045;Marketing;11910.0;2025-02-15;144552.0
;Sortie;;;;;;TRX-046;Loyer;12928.0;2025-02-16;131624.0
;Entrée;;;;;;TRX-047;Emprunts;40458.0;2025-02-17;172082.0
;Entrée;;;;;;TRX-048;Ventes;7782.0;2025-02-18;179864.0
;Sortie;;;;;;TRX-049;Marketing;9347.0;2025-02-19;170517.0
;Entrée;;;;;;TRX-050;Ventes;30897.0;2025-02-20;201414.0
;Sortie;;;;;;TRX-051;Salaires;22385.0;2025-02-21;179029.0
;Sortie;;;;;;TRX-052;Équipement;1049.0;2025-02-22;177980.0
;Entrée;;;;;;TRX-053;Investissements;31764.0;2025-02-23;209744.0
;Sortie;;;;;;TRX-054;Fournisseurs;21135.0;2025-02-24;188609.0
;Sortie;;;;;;TRX-055;Équipement;23322.0;2025-02-25;165287.0
;Sortie;;;;;;TRX-056;Salaires;3268.0;2025-02-26;162019.0
;Entrée;;;;;;TRX-057;Emprunts;15991.0;2025-02-27;178010.0
;Entrée;;;;;;TRX-058;Subventions;44936.0;2025-02-28;222946.0
;Entrée;;;;;;TRX-059;Subventions;30845.0;2025-03-01;253791.0
;Sortie;;;;;;TRX-060;Salaires;23688.0;2025-03-02;230103.0
;Sortie;;;;;;TRX-061;Marketing;29027.0;2025-03-03;201076.0
;Entrée;;;;;;TRX-062;Ventes;40925.0;2025-03-04;242001.0
;Sortie;;;;;;TRX-063;Marketing;19737.0;2025-03-05;222264.0
;Entrée;;;;;;TRX-064;Ventes;28734.0;2025-03-06;250998.0
;Entrée;;;;;;TRX-065;Subventions;4912.0;2025-03-07;255910.0
;Sortie;;;;;;TRX-066;Fournisseurs;12775.0;2025-03-08;243135.0
;Sortie;;;;;;TRX-067;Marketing;16915.0;2025-03-09;226220.0
;Sortie;;;;;;TRX-068;Équipement;14185.0;2025-03-10;212035.0
;Entrée;;;;;;TRX-069;Emprunts;47360.0;2025-03-11;259395.0
;Sortie;;;;;;TRX-070;Marketing;27223.0;2025-03-12;232172.0
;Entrée;;;;;;TRX-071;Ventes;4843.0;2025-03-13;237015.0
;Entrée;;;;;;TRX-072;Subventions;555.0;2025-03-14;237570.0
;Entrée;;;;;;TRX-073;Investissements;25037.0;2025-03-15;262607.0
;Entrée;;;;;;TRX-074;Ventes;28532.0;2025-03-16;291139.0
;Sortie;;;;;;TRX-075;Salaires;2588.0;2025-03-17;288551.0
;Sortie;;;;;;TRX-076;Salaires;23682.0;2025-03-18;264869.0
;Sortie;;;;;;TRX-077;Fournisseurs;1095.0;2025-03-19;263774.0
;Sortie;;;;;;TRX-078;Marketing;10527.0;2025-03-20;253247.0
;Entrée;;;;;;TRX-079;Ventes;38648.0;2025-03-21;291895.0
;Entrée;;;;;;TRX-080;Investissements;17308.0;2025-03-22;309203.0
;Entrée;;;;;;TRX-081;Subventions;10814.0;2025-03-23;320017.0
;Entrée;;;;;;TRX-082;Ventes;35775.0;2025-03-24;355792.0
;Sortie;;;;;;TRX-083;Loyer;15889.0;2025-03-25;339903.0
;Entrée;;;;;;TRX-084;Emprunts;16394.0;2025-03-26;356297.0
;Sortie;;;;;;TRX-085;Marketing;7765.0;2025-03-27;348532.0
;Entrée;;;;;;TRX-086;Investissements;8799.0;2025-03-28;357331.0
;Sortie;;;;;;TRX-087;Équipement;13993.0;2025-03-29;343338.0
;Sortie;;;;;;TRX-088;Fournisseurs;22525.0;2025-03-30;320813.0
;Entrée;;;;;;TRX-089;Emprunts;23420.0;2025-03-31;344233.0
;Entrée;;;;;;TRX-090;Emprunts;30916.0;2025-04-01;375149.0
;Sortie;;;;;;TRX-091;Salaires;12144.0;2025-04-02;363005.0
;Sortie;;;;;;TRX-092;Marketing;11835.0;2025-04-03;351170.0
;Sortie;;;;;;TRX-093;Fournisseurs;17991.0;2025-04-04;333179.0
;Sortie;;;;;;TRX-094;Fournisseurs;3046.0;2025-04-05;330133.0
;Entrée;;;;;;TRX-095;Investissements;8565.0;2025-04-06;338698.0
;Entrée;;;;;;TRX-096;Ventes;3406.0;2025-04-07;342104.0
;Entrée;;;;;;TRX-097;Investissements;46557.0;2025-04-08;388661.0
;Sortie;;;;;;TRX-098;Loyer;24646.0;2025-04-09;364015.0
;Sortie;;;;;;TRX-099;Équipement;20988.0;2025-04-10;343027.0
;Entrée;;;;;;TRX-100;Investissements;48763.0;2025-04-11;391790.0
;Sortie;;;;;;TRX-101;Fournisseurs;26347.0;2025-04-12;365443.0
;Sortie;;;;;;TRX-102;Marketing;18781.0;2025-04-13;346662.0
;Entrée;;;;;;TRX-103;Emprunts;4465.0;2025-04-14;351127.0
;Entrée;;;;;;TRX-104;Subventions;35820.0;2025-04-15;386947.0
;Entrée;;;;;;TRX-105;Ventes;33291.0;2025-04-16;420238.0
;Entrée;;;;;;TRX-106;Emprunts;49381.0;2025-04-17;469619.0
;Sortie;;;;;;TRX-107;Marketing;14695.0;2025-04-18;454924.0
;Sortie;;;;;;TRX-108;Équipement;16261.0;2025-04-19;438663.0
;Entrée;;;;;;TRX-109;Subventions;9086.0;2025-04-20;447749.0
;Entrée;;;;;;TRX-110;Investissements;12793.0;2025-04-21;460542.0
;Entrée;;;;;;TRX-111;Investissements;575.0;2025-04-22;461117.0
;Sortie;;;;;;TRX-112;Salaires;26157.0;2025-04-23;434960.0
;Sortie;;;;;;TRX-113;Salaires;7635.0;2025-04-24;427325.0
;Entrée;;;;;;TRX-114;Ventes;37141.0;2025-04-25;464466.0
;Entrée;;;;;;TRX-115;Ventes;43149.0;2025-04-26;507615.0
;Sortie;;;;;;TRX-116;Marketing;3379.0;2025-04-27;504236.0
;Sortie;;;;;;TRX-117;Marketing;8685.0;2025-04-28;495551.0
;Sortie;;;;;;TRX-118;Marketing;645.0;2025-04-29;494906.0
;Entrée;;;;;;TRX-119;Investissements;18498.0;2025-04-30;513404.0
;Entrée;;;;;;TRX-120;Emprunts;15806.0;2025-05-01;529210.0
;Entrée;;;;;;TRX-121;Investissements;12051.0;2025-05-02;541261.0
;Sortie;;;;;;TRX-122;Salaires;23072.0;2025-05-03;518189.0
;Sortie;;;;;;TRX-123;Fournisseurs;5406.0;2025-05-04;512783.0
;Sortie;;;;;;TRX-124;Équipement;4818.0;2025-05-05;507965.0
;Sortie;;;;;;TRX-125;Loyer;3690.0;2025-05-06;504275.0
;Entrée;;;;;;TRX-126;Investissements;24381.0;2025-05-07;528656.0
;Sortie;;;;;;TRX-127;Salaires;23126.0;2025-05-08;505530.0
;Entrée;;;;;;TRX-128;Investissements;15647.0;2025-05-09;521177.0
;Entrée;;;;;;TRX-129;Emprunts;12261.0;2025-05-10;533438.0
;Entrée;;;;;;TRX-130;Subventions;39935.0;2025-05-11;573373.0
;Entrée;;;;;;TRX-131;Investissements;25103.0;2025-05-12;598476.0
;Sortie;;;;;;TRX-132;Fournisseurs;2409.0;2025-05-13;596067.0
;Sortie;;;;;;TRX-133;Fournisseurs;15439.0;2025-05-14;580628.0
;Sortie;;;;;;TRX-134;Loyer;9576.0;2025-05-15;571052.0
;Sortie;;;;;;TRX-135;Marketing;9063.0;2025-05-16;561989.0
;Sortie;;;;;;TRX-136;Salaires;21142.0;2025-05-17;540847.0
;Entrée;;;;;;TRX-137;Emprunts;4661.0;2025-05-18;545508.0
;Entrée;;;;;;TRX-138;Ventes;43390.0;2025-05-19;588898.0
;Sortie;;;;;;TRX-139;Loyer;17327.0;2025-05-20;571571.0
;Sortie;;;;;;TRX-140;Équipement;26126.0;2025-05-21;545445.0
;Sortie;;;;;;TRX-141;Salaires;3865.0;2025-05-22;541580.0
;Sortie;;;;;;TRX-142;Marketing;8384.0;2025-05-23;533196.0
;Entrée;;;;;;TRX-143;Investissements;5598.0;2025-05-24;538794.0
;Sortie;;;;;;TRX-144;Fournisseurs;7333.0;2025-05-25;531461.0
;Sortie;;;;;;TRX-145;Salaires;20862.0;2025-05-26;510599.0
;Entrée;;;;;;TRX-146;Ventes;12740.0;2025-05-27;523339.0
;Entrée;;;;;;TRX-147;Emprunts;9790.0;2025-05-28;533129.0
;Entrée;;;;;;TRX-148;Emprunts;1627.0;2025-05-29;534756.0
;Entrée;;;;;;TRX-149;Emprunts;38410.0;2025-05-30;573166.0
;Entrée;;;;;;TRX-150;Emprunts;38623.0;2025-05-31;611789.0
;Sortie;;;;;;TRX-151;Équipement;4609.0;2025-06-01;607180.0
;Sortie;;;;;;TRX-152;Équipement;2484.0;2025-06-02;604696.0
;Sortie;;;;;;TRX-153;Équipement;286.0;2025-06-03;604410.0
;Entrée;;;;;;TRX-154;Ventes;8124.0;2025-06-04;612534.0
;Entrée;;;;;;TRX-155;Ventes;19661.0;2025-06-05;632195.0
;Entrée;;;;;;TRX-156;Ventes;21221.0;2025-06-06;653416.0
;Sortie;;;;;;TRX-157;Fournisseurs;27065.0;2025-06-07;626351.0
;Entrée;;;;;;TRX-158;Ventes;32952.0;2025-06-08;659303.0
;Entrée;;;;;;TRX-159;Emprunts;48427.0;2025-06-09;707730.0
;Sortie;;;;;;TRX-160;Fournisseurs;848.0;2025-06-10;706882.0
;Sortie;;;;;;TRX-161;Loyer;17884.0;2025-06-11;688998.0
;Entrée;;;;;;TRX-162;Ventes;3448.0;2025-06-12;692446.0
;Sortie;;;;;;TRX-163;Fournisseurs;18479.0;2025-06-13;673967.0
;Entrée;;;;;;TRX-164;Subventions;36608.0;2025-06-14;710575.0
;Entrée;;;;;;TRX-165;Subventions;23162.0;2025-06-15;733737.0
;Entrée;;;;;;TRX-166;Subventions;49013.0;2025-06-16;782750.0
;Sortie;;;;;;TRX-167;Salaires;18542.0;2025-06-17;764208.0
;Entrée;;;;;;TRX-168;Investissements;30129.0;2025-06-18;794337.0
;Sortie;;;;;;TRX-169;Fournisseurs;3028.0;2025-06-19;791309.0
;Entrée;;;;;;TRX-170;Subventions;6976.0;2025-06-20;798285.0
;Sortie;;;;;;TRX-171;Fournisseurs;26574.0;2025-06-21;771711.0
;Entrée;;;;;;TRX-172;Subventions;22840.0;2025-06-22;794551.0
;Entrée;;;;;;TRX-173;Investissements;1097.0;2025-06-23;795648.0
;Entrée;;;;;;TRX-174;Ventes;9258.0;2025-06-24;804906.0
;Entrée;;;;;;TRX-175;Subventions;31608.0;2025-06-25;836514.0
;Entrée;;;;;;TRX-176;Investissements;25888.0;2025-06-26;862402.0
;Entrée;;;;;;TRX-177;Emprunts;47115.0;2025-06-27;909517.0
;Entrée;;;;;;TRX-178;Ventes;30557.0;2025-06-28;940074.0
;Entrée;;;;;;TRX-179;Investissements;43428.0;2025-06-29;983502.0
;Entrée;;;;;;TRX-180;Ventes;38027.0;2025-06-30;1021529.0
;Sortie;;;;;;TRX-181;Marketing;3692.0;2025-07-01;1017837.0
;Sortie;;;;;;TRX-182;Fournisseurs;12504.0;2025-07-02;1005333.0
;Entrée;;;;;;TRX-183;Ventes;30227.0;2025-07-03;1035560.0
;Entrée;;;;;;TRX-184;Emprunts;19931.0;2025-07-04;1055491.0
;Sortie;;;;;;TRX-185;Marketing;7929.0;2025-07-05;1047562.0
;Entrée;;;;;;TRX-186;Investissements;25658.0;2025-07-06;1073220.0
;Sortie;;;;;;TRX-187;Loyer;13604.0;2025-07-07;1059616.0
;Sortie;;;;;;TRX-188;Marketing;25416.0;2025-07-08;1034200.0
;Sortie;;;;;;TRX-189;Marketing;27898.0;2025-07-09;1006302.0
;Entrée;;;;;;TRX-190;Subventions;37533.0;2025-07-10;1043835.0
;Entrée;;;;;;TRX-191;Investissements;14022.0;2025-07-11;1057857.0
;Entrée;;;;;;TRX-192;Ventes;20383.0;2025-07-12;1078240.0
;Sortie;;;;;;TRX-193;Marketing;17645.0;2025-07-13;1060595.0
;Sortie;;;;;;TRX-194;Salaires;28300.0;2025-07-14;1032295.0
;Entrée;;;;;;TRX-195;Investissements;20738.0;2025-07-15;1053033.0
;Sortie;;;;;;TRX-196;Équipement;27523.0;2025-07-16;1025510.0
;Entrée;;;;;;TRX-197;Subventions;27042.0;2025-07-17;1052552.0
;Entrée;;;;;;TRX-198;Emprunts;3475.0;2025-07-18;1056027.0
;Sortie;;;;;;TRX-199;Salaires;8096.0;2025-07-19;1047931.0
